-- MySQL dump 10.13  Distrib 5.5.54, for Win64 (AMD64)
--
-- Host: localhost    Database: lesson7
-- ------------------------------------------------------
-- Server version	5.5.54

/*!40101 SET @OLD_CHARACTER_SET_CLIENT=@@CHARACTER_SET_CLIENT */;
/*!40101 SET @OLD_CHARACTER_SET_RESULTS=@@CHARACTER_SET_RESULTS */;
/*!40101 SET @OLD_COLLATION_CONNECTION=@@COLLATION_CONNECTION */;
/*!40101 SET NAMES utf8 */;
/*!40103 SET @OLD_TIME_ZONE=@@TIME_ZONE */;
/*!40103 SET TIME_ZONE='+00:00' */;
/*!40014 SET @OLD_UNIQUE_CHECKS=@@UNIQUE_CHECKS, UNIQUE_CHECKS=0 */;
/*!40014 SET @OLD_FOREIGN_KEY_CHECKS=@@FOREIGN_KEY_CHECKS, FOREIGN_KEY_CHECKS=0 */;
/*!40101 SET @OLD_SQL_MODE=@@SQL_MODE, SQL_MODE='NO_AUTO_VALUE_ON_ZERO' */;
/*!40111 SET @OLD_SQL_NOTES=@@SQL_NOTES, SQL_NOTES=0 */;

--
-- Table structure for table `food`
--

DROP TABLE IF EXISTS `food`;
/*!40101 SET @saved_cs_client     = @@character_set_client */;
/*!40101 SET character_set_client = utf8 */;
CREATE TABLE `food` (
  `id` int(11) NOT NULL AUTO_INCREMENT,
  `name` varchar(32) DEFAULT NULL,
  `description` varchar(512) DEFAULT NULL,
  `food_energy` int(11) DEFAULT NULL,
  PRIMARY KEY (`id`)
) ENGINE=InnoDB AUTO_INCREMENT=9 DEFAULT CHARSET=utf8;
/*!40101 SET character_set_client = @saved_cs_client */;

--
-- Dumping data for table `food`
--

LOCK TABLES `food` WRITE;
/*!40000 ALTER TABLE `food` DISABLE KEYS */;
INSERT INTO `food` VALUES (1,'方便面','垃圾食品',472),(2,'小米','营养价值很高，含丰富的蛋白质和脂肪和维生素，它不仅供食用，入药有清热、清渴，滋阴，补脾肾和肠胃，利小便、治水泻等功效，又可酿酒',358),(3,'燕麦片','燕麦煮出来高度粘稠，其中beta葡聚糖健康成分所带来的，具有降血脂、降血糖、高饱腹的效果。',367),(4,'毛豆','毛豆，就是新鲜连荚的黄豆，晒干之后又称大豆。',123),(5,'山药','山药具有滋养强壮，助消化，敛虚汗，止泻之功效，主治脾虚腹泻、肺虚咳嗽。',56),(6,'西瓜','夏天必备',99),(7,'南瓜','很好吃哦',66);
/*!40000 ALTER TABLE `food` ENABLE KEYS */;
UNLOCK TABLES;

--
-- Table structure for table `sport`
--

DROP TABLE IF EXISTS `sport`;
/*!40101 SET @saved_cs_client     = @@character_set_client */;
/*!40101 SET character_set_client = utf8 */;
CREATE TABLE `sport` (
  `id` int(11) NOT NULL AUTO_INCREMENT,
  `name` varchar(32) DEFAULT NULL,
  `description` varchar(512) DEFAULT NULL,
  `consume_energy` int(11) DEFAULT NULL,
  PRIMARY KEY (`id`)
) ENGINE=InnoDB AUTO_INCREMENT=8 DEFAULT CHARSET=utf8;
/*!40101 SET character_set_client = @saved_cs_client */;

--
-- Dumping data for table `sport`
--

LOCK TABLES `sport` WRITE;
/*!40000 ALTER TABLE `sport` DISABLE KEYS */;
INSERT INTO `sport` VALUES (1,'游泳','人在水的浮力作用下产生向上漂浮，凭借浮力通过肢体有规律的运动，使身体在水中有规律运动的技能',175),(2,'田径','现代田径运动的分类不同，主要包括竞走、跑、跳跃、投掷以及由跑、跳、跃、投掷的部分项目组成的全能运动，共计四十多项。',450),(3,'篮球','起源于美国马萨诸塞州，是1891年12月21日由詹姆斯·奈史密斯创造，是奥运会核心比赛项目，是以手为中心的身体对抗性体育运动。',250),(4,'自行车','对心肺、腿十分有利。',330),(5,'赛车','刺激',330),(6,'马拉松','考验耐力',500);
/*!40000 ALTER TABLE `sport` ENABLE KEYS */;
UNLOCK TABLES;

--
-- Table structure for table `user`
--

DROP TABLE IF EXISTS `user`;
/*!40101 SET @saved_cs_client     = @@character_set_client */;
/*!40101 SET character_set_client = utf8 */;
CREATE TABLE `user` (
  `id` int(11) NOT NULL AUTO_INCREMENT,
  `name` varchar(32) DEFAULT NULL,
  `gender` int(11) DEFAULT NULL,
  `age` int(11) DEFAULT NULL,
  `phone` varchar(32) DEFAULT NULL,
  `create_time` date DEFAULT NULL,
  `job` int(11) DEFAULT NULL,
  `address` varchar(128) DEFAULT NULL,
  PRIMARY KEY (`id`)
) ENGINE=InnoDB AUTO_INCREMENT=8 DEFAULT CHARSET=utf8;
/*!40101 SET character_set_client = @saved_cs_client */;

--
-- Dumping data for table `user`
--

LOCK TABLES `user` WRITE;
/*!40000 ALTER TABLE `user` DISABLE KEYS */;
INSERT INTO `user` VALUES (1,'李强',1,55,'15188880000','2018-11-25',1,'江苏省南京市鼓楼区东南大学	'),(2,'徐璐',0,35,'15188880001','2018-11-25',2,'江苏省南京市鼓楼区东南大学	'),(3,'高晓攀',0,42,'15188880002','2018-11-25',3,'江苏省南京市鼓楼区河海大学'),(4,'王美凤',0,38,'15188880003','2018-11-25',4,'江苏省南京市江宁区南京工程学院	'),(5,'王磊',1,23,'15195888888','2019-01-27',5,'浙江省杭州市滨江区浦沿街道'),(6,'王从',1,48,'15122224444','2019-01-27',3,'浙江省杭州市滨江区浦沿街道');
/*!40000 ALTER TABLE `user` ENABLE KEYS */;
UNLOCK TABLES;

--
-- Table structure for table `user_food_history`
--

DROP TABLE IF EXISTS `user_food_history`;
/*!40101 SET @saved_cs_client     = @@character_set_client */;
/*!40101 SET character_set_client = utf8 */;
CREATE TABLE `user_food_history` (
  `id` int(11) NOT NULL AUTO_INCREMENT,
  `user_id` int(11) DEFAULT NULL,
  `food_id` int(11) DEFAULT NULL,
  `food_quantity` int(11) DEFAULT NULL,
  `collect_date` date DEFAULT NULL,
  PRIMARY KEY (`id`)
) ENGINE=InnoDB AUTO_INCREMENT=229 DEFAULT CHARSET=utf8;
/*!40101 SET character_set_client = @saved_cs_client */;

--
-- Dumping data for table `user_food_history`
--

LOCK TABLES `user_food_history` WRITE;
/*!40000 ALTER TABLE `user_food_history` DISABLE KEYS */;
INSERT INTO `user_food_history` VALUES (0,1,1,360,'2018-12-01'),(1,1,2,366,'2018-12-01'),(2,1,3,357,'2018-12-01'),(3,1,4,310,'2018-12-01'),(4,1,5,310,'2018-12-01'),(5,1,1,330,'2018-12-02'),(6,1,2,381,'2018-12-02'),(7,1,3,336,'2018-12-02'),(8,1,4,316,'2018-12-02'),(9,1,5,363,'2018-12-02'),(10,1,1,304,'2018-12-03'),(11,1,2,390,'2018-12-03'),(12,1,3,353,'2018-12-03'),(13,1,4,389,'2018-12-03'),(14,1,1,358,'2018-12-04'),(15,1,2,356,'2018-12-04'),(16,1,3,352,'2018-12-04'),(17,1,4,311,'2018-12-04'),(18,1,5,392,'2018-12-04'),(19,1,6,348,'2018-12-04'),(20,1,7,374,'2018-12-04'),(21,1,1,319,'2018-12-05'),(22,1,1,387,'2018-12-06'),(23,1,2,361,'2018-12-06'),(24,1,3,317,'2018-12-06'),(25,1,1,353,'2018-12-07'),(26,1,2,376,'2018-12-07'),(27,1,3,361,'2018-12-07'),(28,1,1,389,'2018-12-08'),(29,1,2,367,'2018-12-08'),(30,1,3,360,'2018-12-08'),(31,1,4,363,'2018-12-08'),(32,1,5,383,'2018-12-08'),(33,1,6,337,'2018-12-08'),(34,1,1,391,'2018-12-09'),(35,1,2,378,'2018-12-09'),(36,1,3,390,'2018-12-09'),(37,1,1,364,'2018-12-10'),(38,1,1,365,'2018-12-11'),(39,1,2,366,'2018-12-11'),(40,1,3,350,'2018-12-11'),(41,1,4,332,'2018-12-11'),(42,1,5,310,'2018-12-11'),(43,1,6,339,'2018-12-11'),(44,1,7,372,'2018-12-11'),(45,1,1,367,'2018-12-12'),(46,1,2,399,'2018-12-12'),(47,1,3,376,'2018-12-12'),(48,1,4,327,'2018-12-12'),(49,1,5,377,'2018-12-12'),(50,1,6,311,'2018-12-12'),(51,1,1,331,'2018-12-13'),(52,1,2,389,'2018-12-13'),(53,1,3,337,'2018-12-13'),(54,1,4,364,'2018-12-13'),(55,1,5,398,'2018-12-13'),(56,1,6,353,'2018-12-13'),(57,1,1,383,'2018-12-14'),(58,1,2,312,'2018-12-14'),(59,1,3,308,'2018-12-14'),(60,1,4,379,'2018-12-14'),(61,1,5,332,'2018-12-14'),(62,1,1,347,'2018-12-15'),(63,1,2,324,'2018-12-15'),(64,1,3,356,'2018-12-15'),(65,1,4,396,'2018-12-15'),(66,1,5,320,'2018-12-15'),(67,1,6,304,'2018-12-15'),(68,1,1,376,'2018-12-16'),(69,1,2,372,'2018-12-16'),(70,1,1,390,'2018-12-17'),(71,1,2,373,'2018-12-17'),(72,1,3,366,'2018-12-17'),(73,1,4,352,'2018-12-17'),(74,1,1,321,'2018-12-18'),(75,1,2,337,'2018-12-18'),(76,1,3,304,'2018-12-18'),(77,1,1,340,'2018-12-19'),(78,1,2,301,'2018-12-19'),(79,1,3,394,'2018-12-19'),(80,1,1,356,'2018-12-20'),(81,1,2,360,'2018-12-20'),(82,1,3,374,'2018-12-20'),(83,1,4,361,'2018-12-20'),(84,1,5,318,'2018-12-20'),(85,1,1,379,'2018-12-21'),(86,1,2,301,'2018-12-21'),(87,1,3,323,'2018-12-21'),(88,1,4,374,'2018-12-21'),(89,1,5,399,'2018-12-21'),(90,1,6,330,'2018-12-21'),(91,1,1,336,'2018-12-22'),(92,1,2,373,'2018-12-22'),(93,1,3,386,'2018-12-22'),(94,1,4,378,'2018-12-22'),(95,1,5,325,'2018-12-22'),(96,1,6,336,'2018-12-22'),(97,1,1,302,'2018-12-23'),(98,1,2,342,'2018-12-23'),(99,1,3,393,'2018-12-23'),(100,1,4,396,'2018-12-23'),(101,1,5,332,'2018-12-23'),(102,1,6,357,'2018-12-23'),(103,1,1,343,'2018-12-24'),(104,1,2,318,'2018-12-24'),(105,1,3,310,'2018-12-24'),(106,1,4,321,'2018-12-24'),(107,1,1,344,'2018-12-25'),(108,1,2,344,'2018-12-25'),(109,1,1,391,'2018-12-26'),(110,1,2,328,'2018-12-26'),(111,1,3,353,'2018-12-26'),(112,1,4,380,'2018-12-26'),(113,1,1,335,'2018-12-27'),(114,1,2,371,'2018-12-27'),(115,1,3,394,'2018-12-27'),(116,1,4,358,'2018-12-27'),(117,1,5,367,'2018-12-27'),(118,1,6,311,'2018-12-27'),(119,1,7,338,'2018-12-27'),(120,1,1,366,'2018-12-28'),(121,1,2,327,'2018-12-28'),(122,1,3,368,'2018-12-28'),(123,1,1,373,'2018-12-29'),(124,1,1,397,'2018-12-30'),(125,1,2,375,'2018-12-30'),(126,1,3,330,'2018-12-30'),(127,1,4,312,'2018-12-30'),(128,1,1,363,'2018-12-31'),(129,1,2,347,'2018-12-31'),(130,1,3,364,'2018-12-31'),(131,1,4,332,'2018-12-31');
/*!40000 ALTER TABLE `user_food_history` ENABLE KEYS */;
UNLOCK TABLES;

--
-- Table structure for table `user_index`
--

DROP TABLE IF EXISTS `user_index`;
/*!40101 SET @saved_cs_client     = @@character_set_client */;
/*!40101 SET character_set_client = utf8 */;
CREATE TABLE `user_index` (
  `id` int(11) NOT NULL AUTO_INCREMENT,
  `user_id` int(11) DEFAULT NULL,
  `index_type` int(11) DEFAULT NULL,
  `index_content` int(11) DEFAULT NULL,
  `collect_date` date DEFAULT NULL,
  PRIMARY KEY (`id`)
) ENGINE=InnoDB AUTO_INCREMENT=67 DEFAULT CHARSET=utf8;
/*!40101 SET character_set_client = @saved_cs_client */;

--
-- Dumping data for table `user_index`
--

LOCK TABLES `user_index` WRITE;
/*!40000 ALTER TABLE `user_index` DISABLE KEYS */;
INSERT INTO `user_index` VALUES (0,1,1,473,'2018-12-01'),(1,1,1,419,'2018-12-02'),(2,1,1,597,'2018-12-03'),(3,1,1,404,'2018-12-04'),(4,1,1,586,'2018-12-05'),(5,1,1,584,'2018-12-06'),(6,1,1,402,'2018-12-07'),(7,1,1,527,'2018-12-08'),(8,1,1,408,'2018-12-09'),(9,1,1,565,'2018-12-10'),(10,1,1,432,'2018-12-11'),(11,1,1,532,'2018-12-12'),(12,1,1,427,'2018-12-13'),(13,1,1,401,'2018-12-14'),(14,1,1,519,'2018-12-15'),(15,1,1,488,'2018-12-16'),(16,1,1,533,'2018-12-17'),(17,1,1,458,'2018-12-18'),(18,1,1,422,'2018-12-19'),(19,1,1,477,'2018-12-20'),(20,1,1,579,'2018-12-21'),(21,1,1,514,'2018-12-22'),(22,1,1,555,'2018-12-23'),(23,1,1,537,'2018-12-24'),(24,1,1,500,'2018-12-25'),(25,1,1,472,'2018-12-26'),(26,1,1,573,'2018-12-27'),(27,1,1,587,'2018-12-28'),(28,1,1,485,'2018-12-29'),(29,1,1,508,'2018-12-30'),(30,1,1,566,'2018-12-31'),(31,1,2,498,'2018-12-01'),(32,1,2,441,'2018-12-02'),(33,1,2,424,'2018-12-03'),(34,1,2,398,'2018-12-04'),(35,1,2,343,'2018-12-05'),(36,1,2,344,'2018-12-06'),(37,1,2,331,'2018-12-07'),(38,1,2,414,'2018-12-08'),(39,1,2,404,'2018-12-09'),(40,1,2,375,'2018-12-10'),(41,1,2,371,'2018-12-11'),(42,1,2,492,'2018-12-12'),(43,1,2,422,'2018-12-13'),(44,1,2,433,'2018-12-14'),(45,1,2,387,'2018-12-15'),(46,1,2,383,'2018-12-16'),(47,1,2,371,'2018-12-17'),(48,1,2,347,'2018-12-18'),(49,1,2,326,'2018-12-19'),(50,1,2,302,'2018-12-20'),(51,1,2,365,'2018-12-21'),(52,1,2,306,'2018-12-22'),(53,1,2,433,'2018-12-23'),(54,1,2,473,'2018-12-24'),(55,1,2,365,'2018-12-25'),(56,1,2,401,'2018-12-26'),(57,1,2,417,'2018-12-27'),(58,1,2,328,'2018-12-28'),(59,1,2,472,'2018-12-29'),(60,1,2,375,'2018-12-30'),(61,1,2,365,'2018-12-31');
/*!40000 ALTER TABLE `user_index` ENABLE KEYS */;
UNLOCK TABLES;

--
-- Table structure for table `user_sport_history`
--

DROP TABLE IF EXISTS `user_sport_history`;
/*!40101 SET @saved_cs_client     = @@character_set_client */;
/*!40101 SET character_set_client = utf8 */;
CREATE TABLE `user_sport_history` (
  `id` int(11) NOT NULL AUTO_INCREMENT,
  `user_id` int(11) DEFAULT NULL,
  `sport_id` int(11) DEFAULT NULL,
  `sport_time` int(11) DEFAULT NULL,
  `collect_date` date DEFAULT NULL,
  PRIMARY KEY (`id`)
) ENGINE=InnoDB AUTO_INCREMENT=199 DEFAULT CHARSET=utf8;
/*!40101 SET character_set_client = @saved_cs_client */;

--
-- Dumping data for table `user_sport_history`
--

LOCK TABLES `user_sport_history` WRITE;
/*!40000 ALTER TABLE `user_sport_history` DISABLE KEYS */;
INSERT INTO `user_sport_history` VALUES (0,1,1,2,'2018-12-01'),(1,1,2,2,'2018-12-01'),(2,1,1,1,'2018-12-02'),(3,1,2,2,'2018-12-02'),(4,1,1,2,'2018-12-03'),(5,1,2,1,'2018-12-03'),(6,1,3,2,'2018-12-03'),(7,1,4,2,'2018-12-03'),(8,1,5,2,'2018-12-03'),(9,1,1,1,'2018-12-04'),(10,1,2,2,'2018-12-04'),(11,1,3,2,'2018-12-04'),(12,1,4,2,'2018-12-04'),(13,1,1,2,'2018-12-05'),(14,1,2,2,'2018-12-05'),(15,1,3,2,'2018-12-05'),(16,1,4,2,'2018-12-05'),(17,1,1,2,'2018-12-06'),(18,1,2,2,'2018-12-06'),(19,1,1,2,'2018-12-07'),(20,1,2,2,'2018-12-07'),(21,1,3,2,'2018-12-07'),(22,1,4,2,'2018-12-07'),(23,1,5,1,'2018-12-07'),(24,1,1,1,'2018-12-08'),(25,1,1,2,'2018-12-09'),(26,1,2,1,'2018-12-09'),(27,1,3,2,'2018-12-09'),(28,1,4,1,'2018-12-09'),(29,1,5,2,'2018-12-09'),(30,1,6,1,'2018-12-09'),(31,1,1,2,'2018-12-10'),(32,1,2,2,'2018-12-10'),(33,1,3,2,'2018-12-10'),(34,1,4,2,'2018-12-10'),(35,1,1,2,'2018-12-11'),(36,1,2,1,'2018-12-11'),(37,1,1,2,'2018-12-12'),(38,1,2,1,'2018-12-12'),(39,1,3,2,'2018-12-12'),(40,1,4,1,'2018-12-12'),(41,1,1,2,'2018-12-13'),(42,1,2,1,'2018-12-13'),(43,1,3,1,'2018-12-13'),(44,1,1,2,'2018-12-14'),(45,1,1,2,'2018-12-15'),(46,1,2,1,'2018-12-15'),(47,1,3,1,'2018-12-15'),(48,1,4,2,'2018-12-15'),(49,1,5,2,'2018-12-15'),(50,1,6,2,'2018-12-15'),(51,1,1,1,'2018-12-16'),(52,1,1,1,'2018-12-17'),(53,1,2,2,'2018-12-17'),(54,1,3,1,'2018-12-17'),(55,1,1,1,'2018-12-18'),(56,1,2,1,'2018-12-18'),(57,1,3,2,'2018-12-18'),(58,1,4,1,'2018-12-18'),(59,1,5,1,'2018-12-18'),(60,1,1,2,'2018-12-19'),(61,1,2,2,'2018-12-19'),(62,1,3,1,'2018-12-19'),(63,1,4,1,'2018-12-19'),(64,1,5,1,'2018-12-19'),(65,1,1,2,'2018-12-20'),(66,1,2,2,'2018-12-20'),(67,1,3,1,'2018-12-20'),(68,1,1,1,'2018-12-21'),(69,1,1,1,'2018-12-22'),(70,1,2,1,'2018-12-22'),(71,1,3,2,'2018-12-22'),(72,1,4,2,'2018-12-22'),(73,1,5,2,'2018-12-22'),(74,1,6,2,'2018-12-22'),(75,1,1,1,'2018-12-23'),(76,1,2,2,'2018-12-23'),(77,1,1,1,'2018-12-24'),(78,1,2,2,'2018-12-24'),(79,1,3,2,'2018-12-24'),(80,1,4,1,'2018-12-24'),(81,1,1,1,'2018-12-25'),(82,1,2,2,'2018-12-25'),(83,1,3,2,'2018-12-25'),(84,1,4,2,'2018-12-25'),(85,1,1,2,'2018-12-26'),(86,1,2,1,'2018-12-26'),(87,1,1,2,'2018-12-27'),(88,1,2,1,'2018-12-27'),(89,1,3,1,'2018-12-27'),(90,1,4,1,'2018-12-27'),(91,1,1,1,'2018-12-28'),(92,1,2,2,'2018-12-28'),(93,1,3,1,'2018-12-28'),(94,1,4,1,'2018-12-28'),(95,1,5,2,'2018-12-28'),(96,1,6,2,'2018-12-28'),(97,1,1,2,'2018-12-29'),(98,1,2,1,'2018-12-29'),(99,1,1,1,'2018-12-30'),(100,1,2,2,'2018-12-30'),(101,1,3,2,'2018-12-30'),(102,1,1,1,'2018-12-31'),(103,1,2,2,'2018-12-31'),(104,1,3,1,'2018-12-31');
/*!40000 ALTER TABLE `user_sport_history` ENABLE KEYS */;
UNLOCK TABLES;
/*!40103 SET TIME_ZONE=@OLD_TIME_ZONE */;

/*!40101 SET SQL_MODE=@OLD_SQL_MODE */;
/*!40014 SET FOREIGN_KEY_CHECKS=@OLD_FOREIGN_KEY_CHECKS */;
/*!40014 SET UNIQUE_CHECKS=@OLD_UNIQUE_CHECKS */;
/*!40101 SET CHARACTER_SET_CLIENT=@OLD_CHARACTER_SET_CLIENT */;
/*!40101 SET CHARACTER_SET_RESULTS=@OLD_CHARACTER_SET_RESULTS */;
/*!40101 SET COLLATION_CONNECTION=@OLD_COLLATION_CONNECTION */;
/*!40111 SET SQL_NOTES=@OLD_SQL_NOTES */;

-- Dump completed on 2019-01-27 20:01:39
